t, PE, KE, TE, q1, q2, 
0.000000, 56.458170, 0.000000, 56.458170, 0.500000, 0.000000 
0.001250, 56.457646, 0.731224, 57.188870, 0.500739, -0.002737 
0.002500, 56.456064, 2.744987, 59.201051, 0.502877, -0.010691 
0.003750, 56.453222, 5.796687, 62.249909, 0.506312, -0.023527 
0.005000, 56.448728, 9.676490, 66.125219, 0.510939, -0.040893 
0.006250, 56.442039, 14.205722, 70.647760, 0.516660, -0.062478 
0.007500, 56.432512, 19.239043, 75.671556, 0.523376, -0.087947 
0.008750, 56.419438, 24.658572, 81.078010, 0.530994, -0.117001 
0.010000, 56.402084, 30.375957, 86.778041, 0.539417, -0.149317 
0.011250, 56.379718, 36.323517, 92.703235, 0.548553, -0.184600 
0.012500, 56.351648, 42.455647, 98.807295, 0.558309, -0.222541 
0.013750, 56.317231, 48.737691, 105.054922, 0.568596, -0.262850 
0.015000, 56.275908, 55.147513, 111.423420, 0.579324, -0.305235 
0.016250, 56.227203, 61.663947, 117.891149, 0.590410, -0.349427 
0.017500, 56.170742, 68.269965, 124.440707, 0.601773, -0.395158 
0.018750, 56.106243, 74.942550, 131.048793, 0.613339, -0.442187 
0.020000, 56.033527, 81.658191, 137.691717, 0.625038, -0.490283 
0.021250, 55.952500, 88.384935, 144.337435, 0.636808, -0.539239 
0.022500, 55.863154, 95.089732, 150.952886, 0.648592, -0.588866 
0.023750, 55.765554, 101.732297, 157.497852, 0.660340, -0.638996 
0.025000, 55.659827, 108.273120, 163.932947, 0.672007, -0.689476 
0.026250, 55.546158, 114.668373, 170.214532, 0.683555, -0.740176 
0.027500, 55.424773, 120.877519, 176.302292, 0.694951, -0.790979 
0.028750, 55.295942, 126.858684, 182.154625, 0.706167, -0.841785 
0.030000, 55.159955, 132.575267, 187.735222, 0.717179, -0.892505 
0.031250, 55.017141, 137.991550, 193.008691, 0.727966, -0.943066 
0.032500, 54.867831, 143.078139, 197.945970, 0.738513, -0.993402 
0.033750, 54.712386, 147.807805, 202.520191, 0.748806, -1.043457 
0.035000, 54.551161, 152.159834, 206.710995, 0.758833, -1.093187 
0.036250, 54.384537, 156.116184, 210.500721, 0.768585, -1.142549 
0.037500, 54.212879, 159.664916, 213.877795, 0.778057, -1.191512 
0.038750, 54.036576, 162.796745, 216.833321, 0.787241, -1.240044 
0.040000, 53.855995, 165.507730, 219.363725, 0.796136, -1.288125 
0.041250, 53.671524, 167.796270, 221.467794, 0.804737, -1.335732 
0.042500, 53.483527, 169.665205, 223.148732, 0.813043, -1.382850 
0.043750, 53.292386, 171.119271, 224.411657, 0.821053, -1.429464 
0.045000, 53.098458, 172.166734, 225.265192, 0.828767, -1.475564 
0.046250, 52.902115, 172.817285, 225.719400, 0.836185, -1.521140 
0.047500, 52.703702, 173.083304, 225.787007, 0.843308, -1.566184 
0.048750, 52.503583, 172.978155, 225.481738, 0.850137, -1.610691 
0.050000, 52.302086, 172.517160, 224.819246, 0.856675, -1.654656 
0.051250, 52.099562, 171.716240, 223.815802, 0.862922, -1.698075 
0.052500, 51.896327, 170.592658, 222.488985, 0.868881, -1.740946 
0.053750, 51.692715, 169.163963, 220.856678, 0.874554, -1.783265 
0.055000, 51.489025, 167.448541, 218.937566, 0.879944, -1.825034 
0.056250, 51.285576, 165.464813, 216.750389, 0.885052, -1.866249 
0.057500, 51.082651, 163.231632, 214.314284, 0.889883, -1.906913 
0.058750, 50.880552, 160.767694, 211.648246, 0.894437, -1.947022 
0.060000, 50.679542, 158.091807, 208.771349, 0.898718, -1.986580 
0.061250, 50.479907, 155.222473, 205.702380, 0.902729, -2.025585 
0.062500, 50.281892, 152.178061, 202.459953, 0.906472, -2.064040 
0.063750, 50.085762, 148.976521, 199.062284, 0.909950, -2.101943 
0.065000, 49.891746, 145.635481, 195.527227, 0.913166, -2.139299 
0.066250, 49.700089, 142.172070, 191.872159, 0.916122, -2.176105 
0.067500, 49.511000, 138.602948, 188.113947, 0.918822, -2.212365 
0.068750, 49.324704, 134.944219, 184.268924, 0.921268, -2.248078 
0.070000, 49.141391, 131.211412, 180.352803, 0.923463, -2.283248 
0.071250, 48.961267, 127.419461, 176.380728, 0.925410, -2.317875 
0.072500, 48.784500, 123.582643, 172.367143, 0.927111, -2.351960 
0.073750, 48.611277, 119.714621, 168.325898, 0.928569, -2.385504 
0.075000, 48.441746, 115.828343, 164.270089, 0.929788, -2.418511 
0.076250, 48.276072, 111.936136, 160.212208, 0.930769, -2.450979 
0.077500, 48.114384, 108.049572, 156.163957, 0.931516, -2.482912 
0.078750, 47.956827, 104.179607, 152.136434, 0.932032, -2.514309 
0.080000, 47.803509, 100.336422, 148.139932, 0.932319, -2.545175 
0.081250, 47.654555, 96.529592, 144.184147, 0.932380, -2.575507 
0.082500, 47.510053, 92.767914, 140.277967, 0.932218, -2.605311 
0.083750, 47.370107, 89.059598, 136.429705, 0.931836, -2.634585 
0.085000, 47.234787, 85.412084, 132.646871, 0.931237, -2.663332 
0.086250, 47.104177, 81.832255, 128.936432, 0.930423, -2.691553 
0.087500, 46.978327, 78.326242, 125.304569, 0.929398, -2.719250 
0.088750, 46.857303, 74.899651, 121.756953, 0.928165, -2.746424 
0.090000, 46.741135, 71.557371, 118.298506, 0.926726, -2.773078 
0.091250, 46.629872, 68.303802, 114.933673, 0.925085, -2.799212 
0.092500, 46.523526, 65.142666, 111.666193, 0.923244, -2.824830 
0.093750, 46.422128, 62.077243, 108.499371, 0.921206, -2.849931 
0.095000, 46.325674, 59.110178, 105.435852, 0.918974, -2.874519 
0.096250, 46.234178, 56.243720, 102.477898, 0.916552, -2.898594 
0.097500, 46.147619, 53.479540, 99.627159, 0.913942, -2.922160 
0.098750, 46.065996, 50.818958, 96.884954, 0.911146, -2.945218 
0.100000, 45.989275, 48.262773, 94.252048, 0.908169, -2.967771 
0.101250, 45.917438, 45.811481, 91.728919, 0.905013, -2.989819 
0.102500, 45.850440, 43.465117, 89.315556, 0.901680, -3.011368 
0.103750, 45.788248, 41.223462, 87.011710, 0.898174, -3.032417 
0.105000, 45.730804, 39.085894, 84.816698, 0.894497, -3.052970 
0.106250, 45.678066, 37.051585, 82.729651, 0.890653, -3.073030 
0.107500, 45.629963, 35.119359, 80.749322, 0.886643, -3.092599 
0.108750, 45.586441, 33.287882, 78.874323, 0.882472, -3.111679 
0.110000, 45.547422, 31.555527, 77.102949, 0.878141, -3.130274 
0.111250, 45.512841, 29.920548, 75.433389, 0.873653, -3.148387 
0.112500, 45.482611, 28.380962, 73.863573, 0.869011, -3.166020 
0.113750, 45.456660, 26.934700, 72.391360, 0.864218, -3.183177 
0.115000, 45.434893, 25.579507, 71.014401, 0.859276, -3.199861 
0.116250, 45.417231, 24.313076, 69.730307, 0.854187, -3.216074 
0.117500, 45.403573, 23.132957, 68.536530, 0.848956, -3.231820 
0.118750, 45.393834, 22.036673, 67.430507, 0.843583, -3.247103 
0.120000, 45.387907, 21.021651, 66.409559, 0.838072, -3.261926 
0.121250, 45.385703, 20.085310, 65.471012, 0.832426, -3.276292 
0.122500, 45.387111, 19.225008, 64.612119, 0.826646, -3.290205 
0.123750, 45.392037, 18.438114, 63.830151, 0.820735, -3.303668 
0.125000, 45.400368, 17.721973, 63.122341, 0.814696, -3.316685 
0.126250, 45.412007, 17.073948, 62.485954, 0.808531, -3.329260 
0.127500, 45.426838, 16.491409, 61.918247, 0.802243, -3.341396 
0.128750, 45.444762, 15.971756, 61.416517, 0.795833, -3.353096 
0.130000, 45.465662, 15.512417, 60.978079, 0.789306, -3.364365 
0.131250, 45.489437, 15.110857, 60.600294, 0.782662, -3.375206 
0.132500, 45.515970, 14.764592, 60.280562, 0.775905, -3.385624 
0.133750, 45.545158, 14.471175, 60.016333, 0.769036, -3.395621 
0.135000, 45.576886, 14.228230, 59.805116, 0.762059, -3.405203 
0.136250, 45.611049, 14.033417, 59.644466, 0.754974, -3.414371 
0.137500, 45.647532, 13.884483, 59.532016, 0.747786, -3.423131 
0.138750, 45.686233, 13.779207, 59.465441, 0.740496, -3.431486 
0.140000, 45.727038, 13.715469, 59.442507, 0.733107, -3.439441 
0.141250, 45.769843, 13.691177, 59.461020, 0.725620, -3.446998 
0.142500, 45.814538, 13.704347, 59.518885, 0.718039, -3.454163 
0.143750, 45.861020, 13.753021, 59.614041, 0.710365, -3.460938 
0.145000, 45.909180, 13.835356, 59.744536, 0.702601, -3.467328 
0.146250, 45.958918, 13.949527, 59.908446, 0.694748, -3.473337 
0.147500, 46.010128, 14.093832, 60.103960, 0.686811, -3.478969 
0.148750, 46.062711, 14.266576, 60.329287, 0.678789, -3.484227 
0.150000, 46.116563, 14.466195, 60.582759, 0.670687, -3.489116 
0.151250, 46.171590, 14.691124, 60.862714, 0.662505, -3.493639 
0.152500, 46.227689, 14.939928, 61.167617, 0.654247, -3.497801 
0.153750, 46.284769, 15.211166, 61.495935, 0.645914, -3.501604 
0.155000, 46.342732, 15.503529, 61.846261, 0.637509, -3.505055 
0.156250, 46.401488, 15.815693, 62.217181, 0.629033, -3.508155 
0.157500, 46.460943, 16.146466, 62.607409, 0.620490, -3.510910 
0.158750, 46.521011, 16.494631, 63.015643, 0.611880, -3.513323 
0.160000, 46.581602, 16.859108, 63.440710, 0.603207, -3.515398 
0.161250, 46.642632, 17.238782, 63.881413, 0.594472, -3.517139 
0.162500, 46.704015, 17.632669, 64.336684, 0.585678, -3.518550 
0.163750, 46.765671, 18.039750, 64.805421, 0.576826, -3.519634 
0.165000, 46.827519, 18.459132, 65.286651, 0.567919, -3.520396 
0.166250, 46.889482, 18.889878, 65.779360, 0.558959, -3.520840 
0.167500, 46.951482, 19.331180, 66.282662, 0.549948, -3.520969 
0.168750, 47.013448, 19.782174, 66.795622, 0.540887, -3.520788 
0.170000, 47.075304, 20.242126, 67.317430, 0.531779, -3.520300 
0.171250, 47.136984, 20.710240, 67.847223, 0.522626, -3.519509 
0.172500, 47.198416, 21.185846, 68.384262, 0.513430, -3.518419 
0.173750, 47.259537, 21.668207, 68.927744, 0.504192, -3.517033 
0.175000, 47.320282, 22.156709, 69.476991, 0.494916, -3.515357 
0.176250, 47.380590, 22.650667, 70.031257, 0.485602, -3.513392 
0.177500, 47.440399, 23.149517, 70.589916, 0.476252, -3.511145 
0.178750, 47.499654, 23.652615, 71.152269, 0.466870, -3.508617 
0.180000, 47.558297, 24.159441, 71.717738, 0.457455, -3.505813 
0.181250, 47.616277, 24.669389, 72.285665, 0.448011, -3.502736 
0.182500, 47.673540, 25.181971, 72.855511, 0.438539, -3.499392 
0.183750, 47.730038, 25.696615, 73.426653, 0.429042, -3.495782 
0.185000, 47.785724, 26.212862, 73.998586, 0.419520, -3.491911 
0.186250, 47.840551, 26.730165, 74.570716, 0.409975, -3.487783 
0.187500, 47.894478, 27.248090, 75.142568, 0.400411, -3.483401 
0.188750, 47.947462, 27.766109, 75.713571, 0.390827, -3.478770 
0.190000, 47.999464, 28.283808, 76.283273, 0.381227, -3.473892 
0.191250, 48.050448, 28.800677, 76.851125, 0.371611, -3.468771 
0.192500, 48.100378, 29.316317, 77.416695, 0.361982, -3.463412 
0.193750, 48.149221, 29.830229, 77.979450, 0.352341, -3.457818 
0.195000, 48.196944, 30.342028, 78.538972, 0.342689, -3.451992 
0.196250, 48.243521, 30.851225, 79.094746, 0.333030, -3.445938 
0.197500, 48.288921, 31.357443, 79.646365, 0.323363, -3.439660 
0.198750, 48.333122, 31.860202, 80.193323, 0.313692, -3.433162 
0.200000, 48.376097, 32.359131, 80.735229, 0.304017, -3.426446 
0.201250, 48.417827, 32.853756, 81.271583, 0.294340, -3.419517 
0.202500, 48.458290, 33.343713, 81.802004, 0.284662, -3.412378 
0.203750, 48.497469, 33.828532, 82.326001, 0.274986, -3.405032 
0.205000, 48.535348, 34.307852, 82.843200, 0.265313, -3.397484 
0.206250, 48.571911, 34.781209, 83.353120, 0.255644, -3.389737 
0.207500, 48.607147, 35.248246, 83.855392, 0.245980, -3.381794 
0.208750, 48.641043, 35.708501, 84.349544, 0.236324, -3.373659 
0.210000, 48.673590, 36.161624, 84.835214, 0.226677, -3.365335 
0.211250, 48.704781, 36.607157, 85.311938, 0.217040, -3.356826 
0.212500, 48.734609, 37.044752, 85.779361, 0.207415, -3.348136 
0.213750, 48.763069, 37.473959, 86.237029, 0.197802, -3.339267 
0.215000, 48.790159, 37.894436, 86.684596, 0.188204, -3.330223 
0.216250, 48.815877, 38.305737, 87.121615, 0.178622, -3.321009 
0.217500, 48.840223, 38.707530, 87.547752, 0.169057, -3.311626 
0.218750, 48.863197, 39.099375, 87.962572, 0.159511, -3.302079 
0.220000, 48.884804, 39.480949, 88.365752, 0.149984, -3.292372 
0.221250, 48.905046, 39.851824, 88.756869, 0.140478, -3.282507 
0.222500, 48.923929, 40.211686, 89.135615, 0.130994, -3.272488 
0.223750, 48.941460, 40.560120, 89.501580, 0.121534, -3.262318 
0.225000, 48.957648, 40.896826, 89.854474, 0.112099, -3.252001 
0.226250, 48.972500, 41.221403, 90.193904, 0.102690, -3.241540 
0.227500, 48.986029, 41.533568, 90.519596, 0.093307, -3.230939 
0.228750, 48.998244, 41.832936, 90.831180, 0.083953, -3.220200 
0.230000, 49.009159, 42.119243, 91.128402, 0.074628, -3.209328 
0.231250, 49.018787, 42.392125, 91.410912, 0.065334, -3.198326 
0.232500, 49.027143, 42.651338, 91.678481, 0.056071, -3.187197 
0.233750, 49.034243, 42.896543, 91.930786, 0.046841, -3.175944 
0.235000, 49.040103, 43.127518, 92.167621, 0.037644, -3.164571 
0.236250, 49.044740, 43.343951, 92.388691, 0.028482, -3.153081 
0.237500, 49.048174, 43.545646, 92.593820, 0.019355, -3.141478 
0.238750, 49.050422, 43.732320, 92.782742, 0.010264, -3.129764 
0.240000, 49.051505, 43.903808, 92.955313, 0.001211, -3.117943 
0.241250, 49.051443, 44.059857, 93.111300, -0.007803, -3.106019 
0.242500, 49.050258, 44.200332, 93.250590, -0.016779, -3.093995 
0.243750, 49.047971, 44.325016, 93.372987, -0.025714, -3.081873 
0.245000, 49.044605, 44.433808, 93.478413, -0.034609, -3.069658 
0.246250, 49.040183, 44.526525, 93.566707, -0.043461, -3.057352 
0.247500, 49.034727, 44.603103, 93.637830, -0.052272, -3.044959 
0.248750, 49.028263, 44.663398, 93.691661, -0.061039, -3.032481 
0.250000, 49.020814, 44.707382, 93.728195, -0.069762, -3.019923 
0.251250, 49.012405, 44.734950, 93.747354, -0.078441, -3.007288 
0.252500, 49.003061, 44.746113, 93.749173, -0.087074, -2.994578 
0.253750, 48.992807, 44.740806, 93.733614, -0.095661, -2.981797 
0.255000, 48.981670, 44.719081, 93.700751, -0.104201, -2.968948 
0.256250, 48.969675, 44.680913, 93.650587, -0.112694, -2.956034 
0.257500, 48.956847, 44.626393, 93.583240, -0.121139, -2.943058 
0.258750, 48.943214, 44.555538, 93.498752, -0.129535, -2.930023 
0.260000, 48.928802, 44.468478, 93.397280, -0.137882, -2.916933 
0.261250, 48.913637, 44.365274, 93.278910, -0.146179, -2.903791 
0.262500, 48.897745, 44.246092, 93.143837, -0.154426, -2.890598 
0.263750, 48.881154, 44.111034, 92.992188, -0.162621, -2.877360 
0.265000, 48.863890, 43.960306, 92.824196, -0.170766, -2.864078 
0.266250, 48.845980, 43.794048, 92.640028, -0.178858, -2.850755 
0.267500, 48.827450, 43.612503, 92.439953, -0.186898, -2.837394 
0.268750, 48.808327, 43.415850, 92.224177, -0.194885, -2.823999 
0.270000, 48.788638, 43.204367, 91.993004, -0.202818, -2.810572 
0.271250, 48.768408, 42.978267, 91.746675, -0.210698, -2.797116 
0.272500, 48.747664, 42.737863, 91.485527, -0.218523, -2.783634 
0.273750, 48.726433, 42.483403, 91.209837, -0.226293, -2.770128 
0.275000, 48.704740, 42.215229, 90.919970, -0.234008, -2.756602 
0.276250, 48.682612, 41.933621, 90.616233, -0.241668, -2.743057 
0.277500, 48.660073, 41.638949, 90.299022, -0.249271, -2.729497 
0.278750, 48.637150, 41.331521, 89.968672, -0.256818, -2.715925 
0.280000, 48.613868, 41.011732, 89.625600, -0.264308, -2.702342 
0.281250, 48.590251, 40.679918, 89.270169, -0.271741, -2.688752 
0.282500, 48.566325, 40.336494, 88.902819, -0.279116, -2.675157 
0.283750, 48.542114, 39.981818, 88.523932, -0.286433, -2.661559 
0.285000, 48.517643, 39.616324, 88.133966, -0.293692, -2.647961 
0.286250, 48.492935, 39.240390, 87.733325, -0.300892, -2.634366 
0.287500, 48.468014, 38.854465, 87.322478, -0.308033, -2.620775 
0.288750, 48.442904, 38.458943, 86.901846, -0.315115, -2.607191 
0.290000, 48.417627, 38.054283, 86.471911, -0.322138, -2.593617 
0.291250, 48.392208, 37.640895, 86.033102, -0.329100, -2.580054 
0.292500, 48.366667, 37.219244, 85.585911, -0.336002, -2.566505 
0.293750, 48.341028, 36.789748, 85.130776, -0.342844, -2.552971 
0.295000, 48.315311, 36.352879, 84.668190, -0.349624, -2.539456 
0.296250, 48.289540, 35.909060, 84.198601, -0.356344, -2.525961 
0.297500, 48.263734, 35.458765, 83.722499, -0.363003, -2.512489 
0.298750, 48.237915, 35.002420, 83.240334, -0.369600, -2.499040 
0.300000, 48.212102, 34.540494, 82.752596, -0.376135, -2.485618 
0.301250, 48.186317, 34.073416, 82.259732, -0.382608, -2.472223 
0.302500, 48.160577, 33.601649, 81.762227, -0.389019, -2.458859 
0.303750, 48.134905, 33.125618, 81.260522, -0.395367, -2.445527 
0.305000, 48.109316, 32.645779, 80.755095, -0.401653, -2.432228 
0.306250, 48.083831, 32.162550, 80.246381, -0.407876, -2.418965 
0.307500, 48.058467, 31.676377, 79.734844, -0.414035, -2.405739 
0.308750, 48.033242, 31.187669, 79.220911, -0.420132, -2.392551 
0.310000, 48.008174, 30.696858, 78.705032, -0.426166, -2.379404 
0.311250, 47.983279, 30.204342, 78.187621, -0.432135, -2.366300 
0.312500, 47.958573, 29.710540, 77.669113, -0.438042, -2.353239 
0.313750, 47.934073, 29.215834, 77.149907, -0.443884, -2.340223 
0.315000, 47.909794, 28.720625, 76.630419, -0.449663, -2.327253 
0.316250, 47.885752, 28.225282, 76.111034, -0.455377, -2.314332 
0.317500, 47.861961, 27.730186, 75.592148, -0.461028, -2.301461 
0.318750, 47.838437, 27.235689, 75.074126, -0.466614, -2.288641 
0.320000, 47.815191, 26.742151, 74.557343, -0.472137, -2.275872 
0.321250, 47.792240, 26.249905, 74.042145, -0.477595, -2.263158 
0.322500, 47.769594, 25.759291, 73.528885, -0.482988, -2.250498 
0.323750, 47.747268, 25.270621, 73.017889, -0.488317, -2.237895 
0.325000, 47.725273, 24.784213, 72.509486, -0.493582, -2.225349 
0.326250, 47.703622, 24.300358, 72.003979, -0.498783, -2.212861 
0.327500, 47.682324, 23.819350, 71.501674, -0.503919, -2.200434 
0.328750, 47.661393, 23.341459, 71.002852, -0.508991, -2.188067 
0.330000, 47.640838, 22.866956, 70.507794, -0.513998, -2.175762 
0.331250, 47.620669, 22.396089, 70.016758, -0.518941, -2.163520 
0.332500, 47.600896, 21.929104, 69.530000, -0.523820, -2.151342 
0.333750, 47.581529, 21.466227, 69.047757, -0.528634, -2.139229 
0.335000, 47.562576, 21.007681, 68.570258, -0.533384, -2.127181 
0.336250, 47.544047, 20.553669, 68.097716, -0.538070, -2.115201 
0.337500, 47.525948, 20.104391, 67.630339, -0.542692, -2.103289 
0.338750, 47.508289, 19.660026, 67.168314, -0.547250, -2.091445 
0.340000, 47.491074, 19.220752, 66.711826, -0.551744, -2.079671 
0.341250, 47.474314, 18.786727, 66.261040, -0.556175, -2.067967 
0.342500, 47.458012, 18.358104, 65.816116, -0.560542, -2.056335 
0.343750, 47.442177, 17.935022, 65.377198, -0.564845, -2.044774 
0.345000, 47.426812, 17.517610, 64.944422, -0.569085, -2.033286 
0.346250, 47.411925, 17.105987, 64.517911, -0.573261, -2.021872 
0.347500, 47.397518, 16.700261, 64.097779, -0.577375, -2.010532 
0.348750, 47.383599, 16.300530, 63.684129, -0.581426, -1.999267 
0.350000, 47.370169, 15.906884, 63.277053, -0.585414, -1.988077 
0.351250, 47.357234, 15.519398, 62.876633, -0.589339, -1.976964 
0.352500, 47.344797, 15.138145, 62.482942, -0.593202, -1.965927 
0.353750, 47.332861, 14.763182, 62.096043, -0.597003, -1.954968 
0.355000, 47.321429, 14.394562, 61.715991, -0.600742, -1.944087 
0.356250, 47.310503, 14.032327, 61.342830, -0.604419, -1.933285 
0.357500, 47.300085, 13.676511, 60.976596, -0.608035, -1.922562 
0.358750, 47.290178, 13.327140, 60.617319, -0.611590, -1.911919 
0.360000, 47.280783, 12.984233, 60.265016, -0.615083, -1.901356 
0.361250, 47.271900, 12.647801, 59.919701, -0.618516, -1.890874 
0.362500, 47.263531, 12.317846, 59.581377, -0.621888, -1.880473 
0.363750, 47.255677, 11.994366, 59.250043, -0.625199, -1.870154 
0.365000, 47.248336, 11.677351, 58.925688, -0.628451, -1.859918 
0.366250, 47.241511, 11.366786, 58.608297, -0.631643, -1.849764 
0.367500, 47.235199, 11.062646, 58.297845, -0.634775, -1.839693 
0.368750, 47.229401, 10.764906, 57.994307, -0.637849, -1.829707 
0.370000, 47.224115, 10.473531, 57.697646, -0.640863, -1.819804 
0.371250, 47.219341, 10.188483, 57.407824, -0.643818, -1.809986 
0.372500, 47.215077, 9.909718, 57.124794, -0.646715, -1.800253 
0.373750, 47.211321, 9.637188, 56.848509, -0.649554, -1.790605 
0.375000, 47.208071, 9.370842, 56.578913, -0.652336, -1.781043 
0.376250, 47.205326, 9.110623, 56.315948, -0.655060, -1.771567 
0.377500, 47.203081, 8.856470, 56.059551, -0.657726, -1.762178 
0.378750, 47.201336, 8.608321, 55.809657, -0.660336, -1.752875 
0.380000, 47.200087, 8.366107, 55.566194, -0.662889, -1.743660 
0.381250, 47.199332, 8.129760, 55.329091, -0.665386, -1.734532 
0.382500, 47.199065, 7.899206, 55.098271, -0.667827, -1.725493 
0.383750, 47.199285, 7.674370, 54.873655, -0.670212, -1.716541 
0.385000, 47.199988, 7.455175, 54.655162, -0.672542, -1.707679 
0.386250, 47.201169, 7.241541, 54.442710, -0.674817, -1.698905 
0.387500, 47.202824, 7.033386, 54.236210, -0.677038, -1.690220 
0.388750, 47.204950, 6.830628, 54.035578, -0.679204, -1.681626 
0.390000, 47.207542, 6.633181, 53.840723, -0.681316, -1.673121 
0.391250, 47.210595, 6.440960, 53.651555, -0.683374, -1.664706 
0.392500, 47.214104, 6.253878, 53.467981, -0.685379, -1.656382 
0.393750, 47.218065, 6.071846, 53.289911, -0.687331, -1.648149 
0.395000, 47.222472, 5.894776, 53.117248, -0.689231, -1.640006 
0.396250, 47.227320, 5.722580, 52.949900, -0.691078, -1.631956 
0.397500, 47.232604, 5.555166, 52.787770, -0.692873, -1.623996 
0.398750, 47.238319, 5.392445, 52.630764, -0.694617, -1.616129 
0.400000, 47.244458, 5.234328, 52.478786, -0.696309, -1.608354 
0.401250, 47.251017, 5.080724, 52.331741, -0.697950, -1.600672 
0.402500, 47.257988, 4.931542, 52.189531, -0.699541, -1.593082 
0.403750, 47.265368, 4.786695, 52.052062, -0.701081, -1.585586 
0.405000, 47.273148, 4.646091, 51.919238, -0.702572, -1.578182 
0.406250, 47.281323, 4.509642, 51.790965, -0.704013, -1.570872 
0.407500, 47.289888, 4.377260, 51.667147, -0.705404, -1.563656 
0.408750, 47.298835, 4.248857, 51.547692, -0.706747, -1.556534 
0.410000, 47.308158, 4.124346, 51.432504, -0.708041, -1.549506 
0.411250, 47.317851, 4.003641, 51.321492, -0.709287, -1.542573 
0.412500, 47.327907, 3.886657, 51.214564, -0.710485, -1.535734 
0.413750, 47.338320, 3.773309, 51.111628, -0.711635, -1.528990 
0.415000, 47.349082, 3.663514, 51.012596, -0.712738, -1.522341 
0.416250, 47.360189, 3.557189, 50.917378, -0.713795, -1.515787 
0.417500, 47.371631, 3.454255, 50.825886, -0.714804, -1.509329 
0.418750, 47.383404, 3.354629, 50.738033, -0.715768, -1.502966 
0.420000, 47.395498, 3.258235, 50.653734, -0.716686, -1.496699 
0.421250, 47.407910, 3.164994, 50.572904, -0.717558, -1.490528 
0.422500, 47.420630, 3.074830, 50.495459, -0.718386, -1.484453 
0.423750, 47.433652, 2.987667, 50.421319, -0.719168, -1.478474 
0.425000, 47.446969, 2.903432, 50.350402, -0.719906, -1.472591 
0.426250, 47.460575, 2.822053, 50.282629, -0.720600, -1.466806 
0.427500, 47.474462, 2.743459, 50.217921, -0.721250, -1.461116 
0.428750, 47.488623, 2.667579, 50.156202, -0.721857, -1.455524 
0.430000, 47.503051, 2.594346, 50.097397, -0.722420, -1.450028 
0.431250, 47.517739, 2.523691, 50.041430, -0.722941, -1.444628 
0.432500, 47.532680, 2.455551, 49.988231, -0.723420, -1.439326 
0.433750, 47.547868, 2.389859, 49.937726, -0.723857, -1.434121 
0.435000, 47.563294, 2.326553, 49.889847, -0.724252, -1.429013 
0.436250, 47.578952, 2.265571, 49.844523, -0.724605, -1.424002 
0.437500, 47.594836, 2.206853, 49.801689, -0.724918, -1.419088 
0.438750, 47.610937, 2.150340, 49.761277, -0.725190, -1.414271 
0.440000, 47.627250, 2.095973, 49.723223, -0.725422, -1.409551 
0.441250, 47.643767, 2.043696, 49.687463, -0.725614, -1.404928 
0.442500, 47.660480, 1.993455, 49.653935, -0.725766, -1.400402 
0.443750, 47.677385, 1.945193, 49.622578, -0.725880, -1.395973 
0.445000, 47.694473, 1.898860, 49.593332, -0.725954, -1.391640 
0.446250, 47.711737, 1.854401, 49.566139, -0.725990, -1.387405 
0.447500, 47.729172, 1.811769, 49.540941, -0.725988, -1.383266 
0.448750, 47.746770, 1.770912, 49.517681, -0.725949, -1.379224 
0.450000, 47.764524, 1.731782, 49.496306, -0.725872, -1.375278 
0.451250, 47.782428, 1.694332, 49.476760, -0.725758, -1.371428 
0.452500, 47.800474, 1.658517, 49.458991, -0.725607, -1.367675 
0.453750, 47.818658, 1.624289, 49.442948, -0.725420, -1.364017 
0.455000, 47.836972, 1.591607, 49.428579, -0.725197, -1.360455 
0.456250, 47.855409, 1.560425, 49.415834, -0.724939, -1.356989 
0.457500, 47.873964, 1.530702, 49.404665, -0.724646, -1.353617 
0.458750, 47.892629, 1.502396, 49.395025, -0.724318, -1.350341 
0.460000, 47.911398, 1.475467, 49.386866, -0.723956, -1.347159 
0.461250, 47.930266, 1.449875, 49.380141, -0.723560, -1.344072 
0.462500, 47.949226, 1.425582, 49.374808, -0.723130, -1.341079 
0.463750, 47.968272, 1.402549, 49.370821, -0.722667, -1.338179 
0.465000, 47.987398, 1.380739, 49.368137, -0.722171, -1.335373 
0.466250, 48.006597, 1.360116, 49.366713, -0.721643, -1.332660 
0.467500, 48.025865, 1.340644, 49.366509, -0.721083, -1.330039 
0.468750, 48.045194, 1.322288, 49.367482, -0.720491, -1.327511 
0.470000, 48.064579, 1.305014, 49.369593, -0.719868, -1.325075 
0.471250, 48.084015, 1.288788, 49.372803, -0.719214, -1.322730 
0.472500, 48.103496, 1.273577, 49.377073, -0.718530, -1.320475 
0.473750, 48.123016, 1.259348, 49.382364, -0.717816, -1.318312 
0.475000, 48.142569, 1.246071, 49.388640, -0.717073, -1.316238 
0.476250, 48.162151, 1.233713, 49.395864, -0.716300, -1.314253 
0.477500, 48.181755, 1.222245, 49.404000, -0.715498, -1.312357 
0.478750, 48.201377, 1.211635, 49.413012, -0.714669, -1.310550 
0.480000, 48.221012, 1.201856, 49.422867, -0.713811, -1.308830 
0.481250, 48.240653, 1.192877, 49.433529, -0.712926, -1.307198 
0.482500, 48.260296, 1.184670, 49.444966, -0.712013, -1.305651 
0.483750, 48.279937, 1.177207, 49.457144, -0.711074, -1.304191 
0.485000, 48.299569, 1.170462, 49.470031, -0.710109, -1.302816 
0.486250, 48.319189, 1.164405, 49.483594, -0.709118, -1.301526 
0.487500, 48.338791, 1.159012, 49.497803, -0.708102, -1.300319 
0.488750, 48.358371, 1.154256, 49.512627, -0.707061, -1.299196 
0.490000, 48.377925, 1.150111, 49.528036, -0.705995, -1.298155 
0.491250, 48.397447, 1.146552, 49.543998, -0.704905, -1.297197 
0.492500, 48.416933, 1.143554, 49.560487, -0.703792, -1.296319 
0.493750, 48.436379, 1.141092, 49.577471, -0.702655, -1.295521 
0.495000, 48.455781, 1.139144, 49.594925, -0.701496, -1.294803 
0.496250, 48.475134, 1.137684, 49.612818, -0.700314, -1.294164 
0.497500, 48.494435, 1.136690, 49.631125, -0.699111, -1.293602 
0.498750, 48.513678, 1.136138, 49.649817, -0.697886, -1.293118 
0.500000, 48.532862, 1.136008, 49.668869, -0.696640, -1.292710 
0.501250, 48.551980, 1.136275, 49.688255, -0.695373, -1.292378 
0.502500, 48.571031, 1.136919, 49.707949, -0.694086, -1.292120 
0.503750, 48.590009, 1.137917, 49.727926, -0.692780, -1.291936 
0.505000, 48.608911, 1.139250, 49.748162, -0.691454, -1.291825 
0.506250, 48.627735, 1.140896, 49.768631, -0.690110, -1.291786 
0.507500, 48.646476, 1.142836, 49.789312, -0.688747, -1.291818 
0.508750, 48.665131, 1.145048, 49.810179, -0.687366, -1.291920 
0.510000, 48.683696, 1.147515, 49.831212, -0.685968, -1.292092 
0.511250, 48.702169, 1.150216, 49.852385, -0.684553, -1.292332 
0.512500, 48.720547, 1.153133, 49.873680, -0.683121, -1.292639 
0.513750, 48.738826, 1.156246, 49.895072, -0.681673, -1.293013 
0.515000, 48.757003, 1.159540, 49.916543, -0.680210, -1.293453 
0.516250, 48.775076, 1.162994, 49.938070, -0.678731, -1.293957 
0.517500, 48.793041, 1.166593, 49.959634, -0.677237, -1.294525 
0.518750, 48.810897, 1.170318, 49.981215, -0.675729, -1.295156 
0.520000, 48.828640, 1.174154, 50.002794, -0.674207, -1.295849 
0.521250, 48.846267, 1.178083, 50.024351, -0.672672, -1.296602 
0.522500, 48.863778, 1.182091, 50.045869, -0.671123, -1.297415 
0.523750, 48.881168, 1.186161, 50.067329, -0.669562, -1.298287 
0.525000, 48.898435, 1.190279, 50.088715, -0.667988, -1.299217 
0.526250, 48.915578, 1.194429, 50.110007, -0.666403, -1.300204 
0.527500, 48.932595, 1.198597, 50.131192, -0.664806, -1.301246 
0.528750, 48.949482, 1.202769, 50.152251, -0.663199, -1.302344 
0.530000, 48.966239, 1.206931, 50.173170, -0.661581, -1.303495 
0.531250, 48.982863, 1.211070, 50.193932, -0.659953, -1.304699 
0.532500, 48.999352, 1.215173, 50.214525, -0.658315, -1.305955 
0.533750, 49.015705, 1.219226, 50.234931, -0.656668, -1.307262 
0.535000, 49.031920, 1.223219, 50.255139, -0.655012, -1.308619 
0.536250, 49.047995, 1.227138, 50.275133, -0.653348, -1.310024 
0.537500, 49.063928, 1.230974, 50.294902, -0.651675, -1.311478 
0.538750, 49.079719, 1.234713, 50.314432, -0.649995, -1.312978 
0.540000, 49.095366, 1.238347, 50.333713, -0.648308, -1.314524 
0.541250, 49.110867, 1.241862, 50.352730, -0.646614, -1.316115 
0.542500, 49.126222, 1.245252, 50.371474, -0.644914, -1.317750 
0.543750, 49.141428, 1.248505, 50.389933, -0.643208, -1.319428 
0.545000, 49.156485, 1.251613, 50.408098, -0.641496, -1.321147 
0.546250, 49.171392, 1.254565, 50.425957, -0.639778, -1.322908 
0.547500, 49.186148, 1.257355, 50.443503, -0.638056, -1.324708 
0.548750, 49.200751, 1.259973, 50.460724, -0.636330, -1.326548 
0.550000, 49.215202, 1.262412, 50.477614, -0.634599, -1.328425 
0.551250, 49.229499, 1.264665, 50.494163, -0.632865, -1.330339 
0.552500, 49.243641, 1.266724, 50.510365, -0.631127, -1.332289 
0.553750, 49.257627, 1.268582, 50.526209, -0.629387, -1.334275 
0.555000, 49.271459, 1.270234, 50.541692, -0.627643, -1.336294 
0.556250, 49.285133, 1.271673, 50.556805, -0.625898, -1.338346 
0.557500, 49.298650, 1.272894, 50.571544, -0.624150, -1.340431 
0.558750, 49.312010, 1.273890, 50.585901, -0.622401, -1.342547 
0.560000, 49.325213, 1.274659, 50.599872, -0.620651, -1.344693 
0.561250, 49.338257, 1.275194, 50.613451, -0.618900, -1.346868 
0.562500, 49.351143, 1.275493, 50.626635, -0.617149, -1.349072 
0.563750, 49.363870, 1.275549, 50.639419, -0.615397, -1.351304 
0.565000, 49.376438, 1.275361, 50.651799, -0.613646, -1.353562 
0.566250, 49.388848, 1.274924, 50.663772, -0.611895, -1.355845 
0.567500, 49.401098, 1.274237, 50.675336, -0.610144, -1.358154 
0.568750, 49.413190, 1.273296, 50.686486, -0.608395, -1.360486 
0.570000, 49.425123, 1.272100, 50.697222, -0.606648, -1.362842 
0.571250, 49.436896, 1.270645, 50.707541, -0.604902, -1.365219 
0.572500, 49.448511, 1.268931, 50.717442, -0.603158, -1.367618 
0.573750, 49.459968, 1.266956, 50.726924, -0.601416, -1.370037 
0.575000, 49.471266, 1.264720, 50.735986, -0.599677, -1.372476 
0.576250, 49.482406, 1.262220, 50.744626, -0.597942, -1.374934 
0.577500, 49.493389, 1.259458, 50.752847, -0.596209, -1.377409 
0.578750, 49.504213, 1.256433, 50.760646, -0.594480, -1.379902 
0.580000, 49.514881, 1.253145, 50.768026, -0.592754, -1.382411 
0.581250, 49.525393, 1.249594, 50.774986, -0.591033, -1.384935 
0.582500, 49.535748, 1.245781, 50.781529, -0.589316, -1.387474 
0.583750, 49.545948, 1.241707, 50.787654, -0.587604, -1.390027 
0.585000, 49.555992, 1.237373, 50.793366, -0.585896, -1.392593 
0.586250, 49.565882, 1.232781, 50.798663, -0.584194, -1.395171 
0.587500, 49.575619, 1.227932, 50.803551, -0.582497, -1.397761 
0.588750, 49.585202, 1.222828, 50.808029, -0.580805, -1.400362 
0.590000, 49.594632, 1.217472, 50.812104, -0.579120, -1.402973 
0.591250, 49.603911, 1.211864, 50.815775, -0.577441, -1.405593 
0.592500, 49.613038, 1.206010, 50.819049, -0.575768, -1.408221 
0.593750, 49.622016, 1.199910, 50.821926, -0.574101, -1.410858 
0.595000, 49.630844, 1.193569, 50.824412, -0.572441, -1.413502 
0.596250, 49.639523, 1.186988, 50.826511, -0.570789, -1.416152 
0.597500, 49.648054, 1.180172, 50.828227, -0.569143, -1.418808 
0.598750, 49.656439, 1.173124, 50.829563, -0.567505, -1.421470 
0.600000, 49.664677, 1.165849, 50.830526, -0.565875, -1.424135 
0.601250, 49.672770, 1.158349, 50.831119, -0.564253, -1.426805 
0.602500, 49.680720, 1.150629, 50.831348, -0.562638, -1.429478 
0.603750, 49.688526, 1.142693, 50.831218, -0.561032, -1.432153 
0.605000, 49.696190, 1.134545, 50.830735, -0.559434, -1.434831 
0.606250, 49.703712, 1.126191, 50.829903, -0.557845, -1.437509 
0.607500, 49.711095, 1.117634, 50.828729, -0.556265, -1.440189 
0.608750, 49.718338, 1.108880, 50.827218, -0.554694, -1.442868 
0.610000, 49.725444, 1.099933, 50.825377, -0.553132, -1.445547 
0.611250, 49.732413, 1.090798, 50.823211, -0.551579, -1.448225 
0.612500, 49.739246, 1.081482, 50.820727, -0.550036, -1.450901 
0.613750, 49.745944, 1.071987, 50.817931, -0.548502, -1.453575 
0.615000, 49.752509, 1.062321, 50.814830, -0.546978, -1.456246 
0.616250, 49.758941, 1.052488, 50.811430, -0.545465, -1.458914 
0.617500, 49.765242, 1.042495, 50.807738, -0.543961, -1.461579 
0.618750, 49.771414, 1.032346, 50.803759, -0.542468, -1.464238 
0.620000, 49.777456, 1.022047, 50.799503, -0.540984, -1.466894 
0.621250, 49.783371, 1.011604, 50.794975, -0.539512, -1.469543 
0.622500, 49.789159, 1.001023, 50.790182, -0.538050, -1.472187 
0.623750, 49.794822, 0.990309, 50.785131, -0.536599, -1.474825 
0.625000, 49.800361, 0.979469, 50.779830, -0.535159, -1.477455 
0.626250, 49.805777, 0.968507, 50.774284, -0.533730, -1.480079 
0.627500, 49.811072, 0.957431, 50.768503, -0.532312, -1.482695 
0.628750, 49.816246, 0.946246, 50.762492, -0.530906, -1.485302 
0.630000, 49.821301, 0.934958, 50.756259, -0.529510, -1.487901 
0.631250, 49.826239, 0.923573, 50.749811, -0.528127, -1.490491 
0.632500, 49.831060, 0.912096, 50.743156, -0.526755, -1.493072 
0.633750, 49.835765, 0.900535, 50.736300, -0.525394, -1.495643 
0.635000, 49.840357, 0.888894, 50.729251, -0.524046, -1.498203 
0.636250, 49.844836, 0.877180, 50.722016, -0.522709, -1.500753 
0.637500, 49.849203, 0.865400, 50.714603, -0.521384, -1.503292 
0.638750, 49.853461, 0.853557, 50.707018, -0.520071, -1.505819 
0.640000, 49.857609, 0.841660, 50.699269, -0.518771, -1.508335 
0.641250, 49.861650, 0.829712, 50.691362, -0.517482, -1.510838 
0.642500, 49.865584, 0.817722, 50.683306, -0.516206, -1.513329 
0.643750, 49.869413, 0.805693, 50.675106, -0.514943, -1.515807 
0.645000, 49.873139, 0.793632, 50.666771, -0.513691, -1.518272 
0.646250, 49.876762, 0.781545, 50.658306, -0.512452, -1.520723 
0.647500, 49.880283, 0.769437, 50.649720, -0.511226, -1.523161 
0.648750, 49.883705, 0.757314, 50.641019, -0.510013, -1.525585 
0.650000, 49.887028, 0.745181, 50.632209, -0.508812, -1.527994 
0.651250, 49.890253, 0.733044, 50.623297, -0.507623, -1.530388 
0.652500, 49.893383, 0.720909, 50.614291, -0.506448, -1.532767 
0.653750, 49.896417, 0.708780, 50.605196, -0.505285, -1.535131 
0.655000, 49.899357, 0.696663, 50.596020, -0.504135, -1.537480 
0.656250, 49.902205, 0.684563, 50.586769, -0.502998, -1.539812 
0.657500, 49.904962, 0.672486, 50.577448, -0.501874, -1.542129 
0.658750, 49.907629, 0.660436, 50.568065, -0.500763, -1.544429 
0.660000, 49.910207, 0.648418, 50.558625, -0.499665, -1.546713 
0.661250, 49.912697, 0.636438, 50.549135, -0.498580, -1.548980 
0.662500, 49.915102, 0.624499, 50.539601, -0.497508, -1.551230 
0.663750, 49.917421, 0.612607, 50.530027, -0.496449, -1.553462 
0.665000, 49.919656, 0.600766, 50.520422, -0.495403, -1.555678 
0.666250, 49.921808, 0.588981, 50.510789, -0.494370, -1.557875 
0.667500, 49.923879, 0.577256, 50.501135, -0.493351, -1.560055 
0.668750, 49.925870, 0.565595, 50.491465, -0.492344, -1.562216 
0.670000, 49.927782, 0.554003, 50.481784, -0.491351, -1.564359 
0.671250, 49.929615, 0.542483, 50.472098, -0.490371, -1.566484 
0.672500, 49.931372, 0.531040, 50.462412, -0.489404, -1.568591 
0.673750, 49.933053, 0.519678, 50.452731, -0.488450, -1.570678 
0.675000, 49.934659, 0.508400, 50.443060, -0.487509, -1.572747 
0.676250, 49.936193, 0.497210, 50.433403, -0.486581, -1.574796 
0.677500, 49.937653, 0.486112, 50.423765, -0.485667, -1.576826 
0.678750, 49.939043, 0.475108, 50.414151, -0.484766, -1.578837 
0.680000, 49.940363, 0.464203, 50.404566, -0.483877, -1.580828 
0.681250, 49.941614, 0.453399, 50.395012, -0.483002, -1.582800 
0.682500, 49.942797, 0.442699, 50.385496, -0.482140, -1.584752 
0.683750, 49.943913, 0.432108, 50.376021, -0.481291, -1.586684 
0.685000, 49.944963, 0.421626, 50.366590, -0.480456, -1.588596 
0.686250, 49.945949, 0.411258, 50.357208, -0.479633, -1.590488 
0.687500, 49.946872, 0.401006, 50.347878, -0.478823, -1.592360 
0.688750, 49.947731, 0.390872, 50.338604, -0.478026, -1.594212 
0.690000, 49.948530, 0.380859, 50.329389, -0.477242, -1.596043 
0.691250, 49.949267, 0.370970, 50.320237, -0.476472, -1.597853 
0.692500, 49.949946, 0.361205, 50.311151, -0.475714, -1.599644 
0.693750, 49.950565, 0.351568, 50.302134, -0.474969, -1.601413 
0.695000, 49.951128, 0.342060, 50.293188, -0.474236, -1.603162 
0.696250, 49.951634, 0.332684, 50.284318, -0.473517, -1.604890 
0.697500, 49.952084, 0.323441, 50.275525, -0.472810, -1.606597 
0.698750, 49.952480, 0.314332, 50.266812, -0.472117, -1.608284 
0.700000, 49.952822, 0.305359, 50.258181, -0.471435, -1.609949 
0.701250, 49.953111, 0.296524, 50.249636, -0.470767, -1.611593 
0.702500, 49.953349, 0.287828, 50.241177, -0.470111, -1.613217 
0.703750, 49.953536, 0.279272, 50.232808, -0.469468, -1.614820 
0.705000, 49.953673, 0.270858, 50.224531, -0.468837, -1.616401 
0.706250, 49.953761, 0.262585, 50.216346, -0.468218, -1.617961 
0.707500, 49.953801, 0.254456, 50.208257, -0.467612, -1.619501 
0.708750, 49.953794, 0.246470, 50.200264, -0.467019, -1.621019 
0.710000, 49.953740, 0.238629, 50.192369, -0.466437, -1.622516 
0.711250, 49.953641, 0.230934, 50.184575, -0.465868, -1.623991 
0.712500, 49.953497, 0.223384, 50.176881, -0.465311, -1.625446 
0.713750, 49.953309, 0.215980, 50.169289, -0.464767, -1.626880 
0.715000, 49.953078, 0.208723, 50.161801, -0.464234, -1.628292 
0.716250, 49.952805, 0.201613, 50.154418, -0.463713, -1.629683 
0.717500, 49.952491, 0.194649, 50.147140, -0.463205, -1.631054 
0.718750, 49.952136, 0.187832, 50.139968, -0.462708, -1.632403 
0.720000, 49.951741, 0.181162, 50.132903, -0.462223, -1.633731 
0.721250, 49.951307, 0.174639, 50.125946, -0.461750, -1.635037 
0.722500, 49.950835, 0.168262, 50.119097, -0.461288, -1.636323 
0.723750, 49.950326, 0.162031, 50.112356, -0.460838, -1.637588 
0.725000, 49.949779, 0.155946, 50.105725, -0.460400, -1.638832 
0.726250, 49.949197, 0.150006, 50.099203, -0.459973, -1.640055 
0.727500, 49.948580, 0.144211, 50.092791, -0.459558, -1.641257 
0.728750, 49.947927, 0.138560, 50.086488, -0.459154, -1.642438 
0.730000, 49.947241, 0.133053, 50.080294, -0.458761, -1.643599 
0.731250, 49.946522, 0.127688, 50.074211, -0.458379, -1.644738 
0.732500, 49.945771, 0.122466, 50.068237, -0.458009, -1.645857 
0.733750, 49.944987, 0.117384, 50.062372, -0.457650, -1.646956 
0.735000, 49.944173, 0.112443, 50.056616, -0.457301, -1.648034 
0.736250, 49.943328, 0.107641, 50.050969, -0.456964, -1.649091 
0.737500, 49.942453, 0.102976, 50.045429, -0.456637, -1.650128 
0.738750, 49.941549, 0.098449, 50.039998, -0.456321, -1.651144 
0.740000, 49.940617, 0.094057, 50.034674, -0.456016, -1.652140 
0.741250, 49.939657, 0.089800, 50.029457, -0.455721, -1.653116 
0.742500, 49.938669, 0.085676, 50.024345, -0.455437, -1.654072 
0.743750, 49.937655, 0.081683, 50.019338, -0.455163, -1.655007 
0.745000, 49.936615, 0.077822, 50.014436, -0.454899, -1.655923 
0.746250, 49.935549, 0.074089, 50.009638, -0.454646, -1.656819 
0.747500, 49.934459, 0.070483, 50.004942, -0.454403, -1.657695 
0.748750, 49.933344, 0.067004, 50.000348, -0.454170, -1.658551 
0.750000, 49.932205, 0.063649, 49.995854, -0.453947, -1.659387 
0.751250, 49.931044, 0.060416, 49.991460, -0.453734, -1.660204 
0.752500, 49.929860, 0.057305, 49.987165, -0.453531, -1.661002 
0.753750, 49.928653, 0.054313, 49.982967, -0.453337, -1.661780 
0.755000, 49.927426, 0.051439, 49.978865, -0.453153, -1.662539 
0.756250, 49.926177, 0.048681, 49.974858, -0.452979, -1.663279 
0.757500, 49.924908, 0.046037, 49.970945, -0.452814, -1.664000 
0.758750, 49.923618, 0.043506, 49.967124, -0.452659, -1.664701 
0.760000, 49.922310, 0.041085, 49.963395, -0.452513, -1.665384 
0.761250, 49.920982, 0.038773, 49.959756, -0.452376, -1.666049 
0.762500, 49.919637, 0.036568, 49.956204, -0.452248, -1.666694 
0.763750, 49.918273, 0.034468, 49.952740, -0.452129, -1.667322 
0.765000, 49.916891, 0.032470, 49.949362, -0.452019, -1.667931 
0.766250, 49.915493, 0.030574, 49.946067, -0.451918, -1.668521 
0.767500, 49.914078, 0.028777, 49.942856, -0.451826, -1.669094 
0.768750, 49.912647, 0.027078, 49.939725, -0.451742, -1.669648 
0.770000, 49.911201, 0.025473, 49.936674, -0.451667, -1.670185 
0.771250, 49.909739, 0.023962, 49.933701, -0.451600, -1.670703 
0.772500, 49.908263, 0.022542, 49.930805, -0.451542, -1.671205 
0.773750, 49.906773, 0.021211, 49.927984, -0.451492, -1.671688 
0.775000, 49.905268, 0.019968, 49.925236, -0.451450, -1.672155 
0.776250, 49.903750, 0.018810, 49.922560, -0.451417, -1.672604 
0.777500, 49.902220, 0.017735, 49.919954, -0.451391, -1.673036 
0.778750, 49.900676, 0.016741, 49.917417, -0.451373, -1.673451 
0.780000, 49.899121, 0.015827, 49.914947, -0.451363, -1.673849 
0.781250, 49.897553, 0.014990, 49.912543, -0.451361, -1.674230 
0.782500, 49.895975, 0.014228, 49.910202, -0.451367, -1.674595 
0.783750, 49.894385, 0.013539, 49.907924, -0.451380, -1.674943 
0.785000, 49.892785, 0.012921, 49.905706, -0.451400, -1.675276 
0.786250, 49.891174, 0.012373, 49.903547, -0.451428, -1.675591 
0.787500, 49.889554, 0.011892, 49.901445, -0.451463, -1.675891 
0.788750, 49.887924, 0.011476, 49.899400, -0.451505, -1.676175 
0.790000, 49.886285, 0.011123, 49.897408, -0.451554, -1.676444 
0.791250, 49.884637, 0.010832, 49.895469, -0.451611, -1.676697 
0.792500, 49.882981, 0.010600, 49.893581, -0.451674, -1.676934 
0.793750, 49.881317, 0.010425, 49.891742, -0.451744, -1.677156 
0.795000, 49.879645, 0.010307, 49.889951, -0.451820, -1.677363 
0.796250, 49.877965, 0.010241, 49.888207, -0.451904, -1.677555 
0.797500, 49.876279, 0.010228, 49.886507, -0.451993, -1.677732 
0.798750, 49.874586, 0.010264, 49.884850, -0.452090, -1.677894 
0.800000, 49.872886, 0.010348, 49.883235, -0.452192, -1.678042 
0.801250, 49.871181, 0.010479, 49.881660, -0.452301, -1.678175 
0.802500, 49.869470, 0.010654, 49.880123, -0.452416, -1.678294 
0.803750, 49.867753, 0.010871, 49.878624, -0.452537, -1.678399 
0.805000, 49.866031, 0.011130, 49.877161, -0.452664, -1.678490 
0.806250, 49.864304, 0.011427, 49.875731, -0.452796, -1.678567 
0.807500, 49.862573, 0.011762, 49.874335, -0.452935, -1.678631 
0.808750, 49.860838, 0.012132, 49.872970, -0.453079, -1.678681 
0.810000, 49.859098, 0.012536, 49.871635, -0.453229, -1.678718 
0.811250, 49.857355, 0.012973, 49.870328, -0.453384, -1.678741 
0.812500, 49.855609, 0.013440, 49.869049, -0.453545, -1.678752 
0.813750, 49.853860, 0.013936, 49.867795, -0.453711, -1.678749 
0.815000, 49.852107, 0.014459, 49.866567, -0.453882, -1.678734 
0.816250, 49.850353, 0.015009, 49.865361, -0.454058, -1.678706 
0.817500, 49.848596, 0.015582, 49.864178, -0.454240, -1.678666 
0.818750, 49.846837, 0.016179, 49.863015, -0.454426, -1.678614 
0.820000, 49.845076, 0.016797, 49.861873, -0.454617, -1.678549 
0.821250, 49.843313, 0.017435, 49.860748, -0.454813, -1.678473 
0.822500, 49.841550, 0.018091, 49.859641, -0.455014, -1.678384 
0.823750, 49.839786, 0.018764, 49.858550, -0.455219, -1.678284 
0.825000, 49.838020, 0.019453, 49.857473, -0.455429, -1.678173 
0.826250, 49.836255, 0.020156, 49.856411, -0.455643, -1.678050 
0.827500, 49.834489, 0.020873, 49.855361, -0.455861, -1.677916 
0.828750, 49.832723, 0.021601, 49.854324, -0.456084, -1.677771 
0.830000, 49.830957, 0.022339, 49.853296, -0.456311, -1.677615 
0.831250, 49.829192, 0.023087, 49.852279, -0.456542, -1.677449 
0.832500, 49.827427, 0.023843, 49.851270, -0.456777, -1.677272 
0.833750, 49.825664, 0.024606, 49.850269, -0.457016, -1.677084 
0.835000, 49.823901, 0.025374, 49.849275, -0.457259, -1.676886 
0.836250, 49.822140, 0.026147, 49.848287, -0.457505, -1.676678 
0.837500, 49.820381, 0.026924, 49.847304, -0.457755, -1.676461 
0.838750, 49.818623, 0.027703, 49.846326, -0.458009, -1.676233 
0.840000, 49.816867, 0.028483, 49.845351, -0.458266, -1.675996 
0.841250, 49.815114, 0.029264, 49.844378, -0.458526, -1.675749 
0.842500, 49.813363, 0.030044, 49.843407, -0.458790, -1.675493 
0.843750, 49.811615, 0.030823, 49.842438, -0.459057, -1.675227 
0.845000, 49.809869, 0.031600, 49.841469, -0.459328, -1.674953 
0.846250, 49.808126, 0.032373, 49.840500, -0.459601, -1.674670 
0.847500, 49.806387, 0.033143, 49.839530, -0.459877, -1.674378 
0.848750, 49.804651, 0.033907, 49.838558, -0.460156, -1.674078 
0.850000, 49.802919, 0.034665, 49.837584, -0.460438, -1.673769 
0.851250, 49.801190, 0.035417, 49.836608, -0.460723, -1.673452 
0.852500, 49.799466, 0.036162, 49.835628, -0.461011, -1.673126 
0.853750, 49.797745, 0.036899, 49.834644, -0.461301, -1.672793 
0.855000, 49.796029, 0.037627, 49.833656, -0.461594, -1.672452 
0.856250, 49.794317, 0.038346, 49.832664, -0.461889, -1.672103 
0.857500, 49.792610, 0.039055, 49.831666, -0.462186, -1.671747 
0.858750, 49.790908, 0.039754, 49.830662, -0.462486, -1.671383 
0.860000, 49.789211, 0.040441, 49.829652, -0.462788, -1.671012 
0.861250, 49.787519, 0.041116, 49.828636, -0.463092, -1.670634 
0.862500, 49.785833, 0.041780, 49.827613, -0.463398, -1.670249 
0.863750, 49.784152, 0.042431, 49.826582, -0.463706, -1.669857 
0.865000, 49.782476, 0.043068, 49.825544, -0.464016, -1.669459 
0.866250, 49.780807, 0.043692, 49.824499, -0.464328, -1.669054 
0.867500, 49.779143, 0.044301, 49.823445, -0.464642, -1.668643 
0.868750, 49.777486, 0.044897, 49.822382, -0.464958, -1.668225 
0.870000, 49.775835, 0.045477, 49.821312, -0.465275, -1.667802 
0.871250, 49.774190, 0.046042, 49.820232, -0.465593, -1.667372 
0.872500, 49.772552, 0.046592, 49.819143, -0.465914, -1.666937 
0.873750, 49.770920, 0.047125, 49.818045, -0.466235, -1.666496 
0.875000, 49.769295, 0.047643, 49.816938, -0.466558, -1.666049 
0.876250, 49.767678, 0.048144, 49.815821, -0.466882, -1.665597 
0.877500, 49.766067, 0.048628, 49.814695, -0.467208, -1.665140 
0.878750, 49.764464, 0.049095, 49.813559, -0.467535, -1.664678 
0.880000, 49.762868, 0.049545, 49.812414, -0.467863, -1.664211 
0.881250, 49.761280, 0.049978, 49.811258, -0.468191, -1.663739 
0.882500, 49.759699, 0.050394, 49.810093, -0.468521, -1.663262 
0.883750, 49.758126, 0.050791, 49.808917, -0.468852, -1.662780 
0.885000, 49.756561, 0.051171, 49.807732, -0.469184, -1.662295 
0.886250, 49.755004, 0.051533, 49.806537, -0.469516, -1.661804 
0.887500, 49.753455, 0.051877, 49.805332, -0.469849, -1.661310 
0.888750, 49.751914, 0.052203, 49.804118, -0.470183, -1.660812 
0.890000, 49.750382, 0.052511, 49.802893, -0.470517, -1.660309 
0.891250, 49.748858, 0.052801, 49.801659, -0.470852, -1.659803 
0.892500, 49.747343, 0.053073, 49.800415, -0.471188, -1.659294 
0.893750, 49.745836, 0.053326, 49.799162, -0.471524, -1.658780 
0.895000, 49.744338, 0.053561, 49.797899, -0.471860, -1.658263 
0.896250, 49.742849, 0.053778, 49.796627, -0.472197, -1.657743 
0.897500, 49.741369, 0.053977, 49.795346, -0.472533, -1.657220 
0.898750, 49.739898, 0.054157, 49.794056, -0.472870, -1.656694 
0.900000, 49.738437, 0.054320, 49.792757, -0.473208, -1.656165 
0.901250, 49.736984, 0.054465, 49.791449, -0.473545, -1.655633 
0.902500, 49.735541, 0.054592, 49.790133, -0.473882, -1.655098 
0.903750, 49.734108, 0.054701, 49.788808, -0.474219, -1.654561 
0.905000, 49.732684, 0.054792, 49.787476, -0.474557, -1.654021 
0.906250, 49.731269, 0.054866, 49.786135, -0.474894, -1.653479 
0.907500, 49.729864, 0.054922, 49.784787, -0.475231, -1.652935 
0.908750, 49.728469, 0.054962, 49.783431, -0.475567, -1.652388 
0.910000, 49.727084, 0.054984, 49.782068, -0.475904, -1.651840 
0.911250, 49.725709, 0.054989, 49.780698, -0.476240, -1.651290 
0.912500, 49.724344, 0.054978, 49.779322, -0.476576, -1.650738 
0.913750, 49.722989, 0.054950, 49.777939, -0.476911, -1.650184 
0.915000, 49.721644, 0.054905, 49.776550, -0.477246, -1.649629 
0.916250, 49.720310, 0.054845, 49.775154, -0.477580, -1.649072 
0.917500, 49.718986, 0.054768, 49.773754, -0.477914, -1.648514 
0.918750, 49.717672, 0.054676, 49.772348, -0.478247, -1.647955 
0.920000, 49.716368, 0.054568, 49.770936, -0.478580, -1.647394 
0.921250, 49.715075, 0.054445, 49.769521, -0.478912, -1.646833 
0.922500, 49.713793, 0.054307, 49.768100, -0.479243, -1.646271 
0.923750, 49.712521, 0.054154, 49.766676, -0.479573, -1.645707 
0.925000, 49.711260, 0.053987, 49.765247, -0.479903, -1.645143 
0.926250, 49.710010, 0.053806, 49.763815, -0.480232, -1.644579 
0.927500, 49.708770, 0.053610, 49.762380, -0.480559, -1.644014 
0.928750, 49.707541, 0.053401, 49.760942, -0.480886, -1.643449 
0.930000, 49.706324, 0.053178, 49.759502, -0.481212, -1.642883 
0.931250, 49.705117, 0.052942, 49.758059, -0.481537, -1.642317 
0.932500, 49.703921, 0.052694, 49.756614, -0.481861, -1.641751 
0.933750, 49.702736, 0.052432, 49.755168, -0.482184, -1.641185 
0.935000, 49.701562, 0.052159, 49.753720, -0.482505, -1.640618 
0.936250, 49.700399, 0.051873, 49.752272, -0.482826, -1.640052 
0.937500, 49.699247, 0.051576, 49.750823, -0.483145, -1.639487 
0.938750, 49.698106, 0.051267, 49.749373, -0.483463, -1.638921 
0.940000, 49.696977, 0.050947, 49.747924, -0.483779, -1.638356 
0.941250, 49.695859, 0.050616, 49.746475, -0.484095, -1.637792 
0.942500, 49.694752, 0.050275, 49.745027, -0.484409, -1.637228 
0.943750, 49.693656, 0.049923, 49.743580, -0.484721, -1.636664 
0.945000, 49.692572, 0.049562, 49.742134, -0.485033, -1.636102 
0.946250, 49.691499, 0.049191, 49.740690, -0.485343, -1.635540 
0.947500, 49.690437, 0.048811, 49.739248, -0.485651, -1.634979 
0.948750, 49.689387, 0.048422, 49.737808, -0.485958, -1.634420 
0.950000, 49.688348, 0.048024, 49.736371, -0.486263, -1.633861 
0.951250, 49.687320, 0.047617, 49.734938, -0.486567, -1.633303 
0.952500, 49.686304, 0.047203, 49.733507, -0.486869, -1.632747 
0.953750, 49.685299, 0.046781, 49.732080, -0.487170, -1.632192 
0.955000, 49.684306, 0.046351, 49.730658, -0.487468, -1.631638 
0.956250, 49.683324, 0.045915, 49.729239, -0.487766, -1.631086 
0.957500, 49.682354, 0.045471, 49.727825, -0.488061, -1.630535 
0.958750, 49.681395, 0.045021, 49.726417, -0.488355, -1.629986 
0.960000, 49.680448, 0.044565, 49.725013, -0.488647, -1.629439 
0.961250, 49.679512, 0.044103, 49.723615, -0.488938, -1.628893 
0.962500, 49.678587, 0.043635, 49.722223, -0.489226, -1.628349 
0.963750, 49.677674, 0.043162, 49.720836, -0.489513, -1.627807 
0.965000, 49.676773, 0.042684, 49.719457, -0.489798, -1.627267 
0.966250, 49.675883, 0.042201, 49.718084, -0.490081, -1.626728 
0.967500, 49.675004, 0.041714, 49.716718, -0.490362, -1.626192 
0.968750, 49.674137, 0.041222, 49.715359, -0.490641, -1.625658 
0.970000, 49.673281, 0.040727, 49.714008, -0.490918, -1.625127 
0.971250, 49.672437, 0.040228, 49.712665, -0.491194, -1.624597 
0.972500, 49.671604, 0.039726, 49.711330, -0.491467, -1.624070 
0.973750, 49.670783, 0.039221, 49.710003, -0.491738, -1.623545 
0.975000, 49.669973, 0.038712, 49.708685, -0.492008, -1.623022 
0.976250, 49.669174, 0.038202, 49.707376, -0.492275, -1.622502 
0.977500, 49.668387, 0.037689, 49.706076, -0.492540, -1.621985 
0.978750, 49.667611, 0.037174, 49.704785, -0.492804, -1.621470 
0.980000, 49.666846, 0.036658, 49.703504, -0.493065, -1.620958 
0.981250, 49.666093, 0.036140, 49.702232, -0.493324, -1.620448 
0.982500, 49.665351, 0.035621, 49.700971, -0.493581, -1.619941 
0.983750, 49.664620, 0.035101, 49.699720, -0.493836, -1.619437 
0.985000, 49.663900, 0.034580, 49.698480, -0.494089, -1.618936 
0.986250, 49.663192, 0.034058, 49.697250, -0.494339, -1.618438 
0.987500, 49.662495, 0.033537, 49.696031, -0.494588, -1.617942 
0.988750, 49.661808, 0.033015, 49.694824, -0.494834, -1.617450 
0.990000, 49.661133, 0.032494, 49.693627, -0.495078, -1.616960 
0.991250, 49.660470, 0.031973, 49.692442, -0.495320, -1.616474 
0.992500, 49.659817, 0.031452, 49.691269, -0.495560, -1.615991 
0.993750, 49.659175, 0.030933, 49.690108, -0.495797, -1.615511 
0.995000, 49.658544, 0.030414, 49.688958, -0.496032, -1.615034 
0.996250, 49.657924, 0.029897, 49.687821, -0.496265, -1.614560 
0.997500, 49.657315, 0.029382, 49.686696, -0.496496, -1.614090 
0.998750, 49.656717, 0.028867, 49.685584, -0.496725, -1.613623 
1.000000, 49.656129, 0.028355, 49.684485, -0.496951, -1.613159 
1.001250, 49.655553, 0.027845, 49.683398, -0.497175, -1.612699 
1.002500, 49.654987, 0.027337, 49.682324, -0.497397, -1.612242 
1.003750, 49.654432, 0.026832, 49.681263, -0.497616, -1.611788 
1.005000, 49.653887, 0.026329, 49.680216, -0.497833, -1.611338 
1.006250, 49.653353, 0.025828, 49.679181, -0.498048, -1.610892 
1.007500, 49.652829, 0.025331, 49.678160, -0.498260, -1.610449 
1.008750, 49.652316, 0.024837, 49.677153, -0.498471, -1.610009 
1.010000, 49.651814, 0.024346, 49.676159, -0.498679, -1.609573 
1.011250, 49.651322, 0.023858, 49.675179, -0.498884, -1.609141 
1.012500, 49.650840, 0.023373, 49.674213, -0.499087, -1.608713 
1.013750, 49.650368, 0.022893, 49.673261, -0.499288, -1.608288 
1.015000, 49.649907, 0.022416, 49.672323, -0.499487, -1.607867 
1.016250, 49.649456, 0.021943, 49.671399, -0.499683, -1.607449 
1.017500, 49.649015, 0.021474, 49.670489, -0.499877, -1.607036 
1.018750, 49.648584, 0.021009, 49.669593, -0.500069, -1.606626 
1.020000, 49.648163, 0.020548, 49.668711, -0.500258, -1.606220 
1.021250, 49.647752, 0.020092, 49.667844, -0.500445, -1.605818 
1.022500, 49.647350, 0.019640, 49.666991, -0.500629, -1.605419 
1.023750, 49.646959, 0.019193, 49.666152, -0.500812, -1.605025 
1.025000, 49.646577, 0.018750, 49.665328, -0.500991, -1.604634 
1.026250, 49.646206, 0.018313, 49.664518, -0.501169, -1.604247 
1.027500, 49.645843, 0.017880, 49.663723, -0.501344, -1.603865 
1.028750, 49.645490, 0.017452, 49.662942, -0.501517, -1.603486 
1.030000, 49.645147, 0.017029, 49.662176, -0.501687, -1.603111 
1.031250, 49.644813, 0.016611, 49.661424, -0.501856, -1.602740 
1.032500, 49.644489, 0.016198, 49.660687, -0.502021, -1.602373 
1.033750, 49.644174, 0.015791, 49.659964, -0.502185, -1.602010 
1.035000, 49.643868, 0.015388, 49.659256, -0.502346, -1.601651 
1.036250, 49.643571, 0.014991, 49.658563, -0.502505, -1.601296 
1.037500, 49.643284, 0.014600, 49.657884, -0.502661, -1.600944 
1.038750, 49.643005, 0.014214, 49.657219, -0.502816, -1.600598 
1.040000, 49.642735, 0.013833, 49.656569, -0.502968, -1.600255 
1.041250, 49.642475, 0.013458, 49.655933, -0.503117, -1.599916 
1.042500, 49.642223, 0.013089, 49.655312, -0.503264, -1.599581 
1.043750, 49.641980, 0.012725, 49.654705, -0.503409, -1.599250 
1.045000, 49.641745, 0.012367, 49.654112, -0.503552, -1.598923 
1.046250, 49.641519, 0.012015, 49.653534, -0.503692, -1.598601 
1.047500, 49.641302, 0.011668, 49.652970, -0.503830, -1.598282 
1.048750, 49.641093, 0.011327, 49.652420, -0.503966, -1.597967 
1.050000, 49.640892, 0.010992, 49.651884, -0.504100, -1.597657 
1.051250, 49.640700, 0.010663, 49.651362, -0.504231, -1.597351 
1.052500, 49.640516, 0.010339, 49.650855, -0.504360, -1.597048 
1.053750, 49.640340, 0.010021, 49.650361, -0.504487, -1.596750 
1.055000, 49.640172, 0.009709, 49.649881, -0.504611, -1.596456 
1.056250, 49.640012, 0.009403, 49.649415, -0.504733, -1.596166 
1.057500, 49.639861, 0.009102, 49.648963, -0.504853, -1.595880 
1.058750, 49.639716, 0.008807, 49.648524, -0.504971, -1.595598 
1.060000, 49.639580, 0.008518, 49.648099, -0.505087, -1.595320 
1.061250, 49.639452, 0.008235, 49.647687, -0.505200, -1.595047 
1.062500, 49.639331, 0.007958, 49.647289, -0.505311, -1.594777 
1.063750, 49.639217, 0.007686, 49.646904, -0.505420, -1.594512 
1.065000, 49.639111, 0.007420, 49.646532, -0.505527, -1.594250 
1.066250, 49.639013, 0.007160, 49.646173, -0.505632, -1.593993 
1.067500, 49.638921, 0.006906, 49.645827, -0.505734, -1.593739 
1.068750, 49.638837, 0.006657, 49.645494, -0.505835, -1.593490 
1.070000, 49.638760, 0.006414, 49.645174, -0.505933, -1.593244 
1.071250, 49.638690, 0.006176, 49.644866, -0.506029, -1.593003 
1.072500, 49.638627, 0.005944, 49.644571, -0.506123, -1.592766 
1.073750, 49.638571, 0.005718, 49.644289, -0.506215, -1.592532 
1.075000, 49.638522, 0.005497, 49.644019, -0.506304, -1.592303 
1.076250, 49.638480, 0.005281, 49.643761, -0.506392, -1.592078 
1.077500, 49.638444, 0.005071, 49.643515, -0.506478, -1.591857 
1.078750, 49.638415, 0.004866, 49.643281, -0.506561, -1.591639 
1.080000, 49.638392, 0.004667, 49.643059, -0.506643, -1.591426 
1.081250, 49.638376, 0.004473, 49.642848, -0.506722, -1.591216 
1.082500, 49.638366, 0.004284, 49.642650, -0.506800, -1.591011 
1.083750, 49.638362, 0.004100, 49.642462, -0.506875, -1.590809 
1.085000, 49.638364, 0.003922, 49.642286, -0.506949, -1.590611 
1.086250, 49.638373, 0.003749, 49.642121, -0.507020, -1.590418 
1.087500, 49.638387, 0.003580, 49.641968, -0.507089, -1.590228 
1.088750, 49.638408, 0.003417, 49.641825, -0.507157, -1.590042 
1.090000, 49.638434, 0.003258, 49.641693, -0.507223, -1.589859 
1.091250, 49.638466, 0.003105, 49.641571, -0.507286, -1.589681 
1.092500, 49.638504, 0.002956, 49.641460, -0.507348, -1.589506 
1.093750, 49.638548, 0.002812, 49.641360, -0.507408, -1.589335 
1.095000, 49.638596, 0.002673, 49.641269, -0.507466, -1.589168 
1.096250, 49.638651, 0.002538, 49.641189, -0.507522, -1.589005 
1.097500, 49.638711, 0.002408, 49.641119, -0.507576, -1.588845 
1.098750, 49.638776, 0.002283, 49.641058, -0.507628, -1.588690 
1.100000, 49.638846, 0.002161, 49.641007, -0.507679, -1.588537 
1.101250, 49.638921, 0.002045, 49.640966, -0.507727, -1.588389 
1.102500, 49.639002, 0.001932, 49.640934, -0.507774, -1.588244 
1.103750, 49.639087, 0.001824, 49.640911, -0.507819, -1.588103 
1.105000, 49.639178, 0.001720, 49.640898, -0.507862, -1.587966 
1.106250, 49.639273, 0.001620, 49.640893, -0.507904, -1.587832 
1.107500, 49.639373, 0.001524, 49.640897, -0.507944, -1.587701 
1.108750, 49.639477, 0.001432, 49.640909, -0.507982, -1.587574 
1.110000, 49.639586, 0.001344, 49.640930, -0.508018, -1.587451 
1.111250, 49.639700, 0.001260, 49.640960, -0.508053, -1.587331 
1.112500, 49.639818, 0.001180, 49.640997, -0.508086, -1.587215 
1.113750, 49.639940, 0.001103, 49.641043, -0.508117, -1.587102 
1.115000, 49.640067, 0.001030, 49.641097, -0.508146, -1.586993 
1.116250, 49.640198, 0.000960, 49.641158, -0.508174, -1.586887 
1.117500, 49.640333, 0.000894, 49.641227, -0.508201, -1.586785 
1.118750, 49.640472, 0.000831, 49.641303, -0.508225, -1.586686 
1.120000, 49.640615, 0.000772, 49.641387, -0.508249, -1.586590 
1.121250, 49.640762, 0.000716, 49.641478, -0.508270, -1.586497 
1.122500, 49.640913, 0.000663, 49.641575, -0.508290, -1.586408 
1.123750, 49.641067, 0.000613, 49.641680, -0.508309, -1.586322 
1.125000, 49.641225, 0.000566, 49.641791, -0.508325, -1.586240 
1.126250, 49.641387, 0.000523, 49.641909, -0.508341, -1.586160 
1.127500, 49.641552, 0.000482, 49.642034, -0.508355, -1.586084 
1.128750, 49.641721, 0.000444, 49.642164, -0.508367, -1.586011 
1.130000, 49.641893, 0.000408, 49.642301, -0.508378, -1.585941 
1.131250, 49.642068, 0.000376, 49.642444, -0.508388, -1.585874 
1.132500, 49.642247, 0.000346, 49.642593, -0.508396, -1.585811 
1.133750, 49.642428, 0.000318, 49.642747, -0.508402, -1.585750 
1.135000, 49.642613, 0.000294, 49.642907, -0.508408, -1.585692 
1.136250, 49.642801, 0.000271, 49.643072, -0.508411, -1.585638 
1.137500, 49.642992, 0.000251, 49.643243, -0.508414, -1.585586 
1.138750, 49.643186, 0.000233, 49.643419, -0.508415, -1.585538 
1.140000, 49.643382, 0.000217, 49.643599, -0.508415, -1.585492 
1.141250, 49.643581, 0.000204, 49.643785, -0.508413, -1.585449 
1.142500, 49.643783, 0.000193, 49.643976, -0.508410, -1.585409 
1.143750, 49.643988, 0.000183, 49.644171, -0.508406, -1.585372 
1.145000, 49.644195, 0.000176, 49.644370, -0.508401, -1.585338 
1.146250, 49.644404, 0.000170, 49.644574, -0.508394, -1.585306 
1.147500, 49.644616, 0.000166, 49.644782, -0.508386, -1.585278 
1.148750, 49.644830, 0.000164, 49.644995, -0.508377, -1.585252 
1.150000, 49.645047, 0.000164, 49.645211, -0.508367, -1.585229 
1.151250, 49.645265, 0.000166, 49.645431, -0.508355, -1.585208 
1.152500, 49.645486, 0.000168, 49.645655, -0.508343, -1.585190 
1.153750, 49.645709, 0.000173, 49.645882, -0.508329, -1.585175 
1.155000, 49.645934, 0.000179, 49.646113, -0.508314, -1.585162 
1.156250, 49.646161, 0.000186, 49.646347, -0.508298, -1.585152 
1.157500, 49.646389, 0.000195, 49.646584, -0.508281, -1.585144 
1.158750, 49.646620, 0.000205, 49.646825, -0.508262, -1.585139 
1.160000, 49.646852, 0.000216, 49.647068, -0.508243, -1.585137 
1.161250, 49.647086, 0.000228, 49.647314, -0.508223, -1.585136 
1.162500, 49.647322, 0.000242, 49.647563, -0.508201, -1.585139 
1.163750, 49.647559, 0.000256, 49.647815, -0.508179, -1.585143 
1.165000, 49.647798, 0.000271, 49.648069, -0.508155, -1.585150 
1.166250, 49.648038, 0.000288, 49.648326, -0.508131, -1.585159 
1.167500, 49.648280, 0.000305, 49.648585, -0.508105, -1.585171 
1.168750, 49.648523, 0.000323, 49.648846, -0.508079, -1.585185 
1.170000, 49.648767, 0.000342, 49.649109, -0.508051, -1.585201 
1.171250, 49.649013, 0.000362, 49.649375, -0.508023, -1.585219 
1.172500, 49.649259, 0.000383, 49.649642, -0.507994, -1.585240 
1.173750, 49.649507, 0.000404, 49.649911, -0.507963, -1.585262 
1.175000, 49.649756, 0.000425, 49.650181, -0.507932, -1.585287 
1.176250, 49.650006, 0.000448, 49.650453, -0.507901, -1.585314 
1.177500, 49.650257, 0.000470, 49.650727, -0.507868, -1.585343 
1.178750, 49.650508, 0.000494, 49.651002, -0.507834, -1.585374 
1.180000, 49.650761, 0.000517, 49.651278, -0.507800, -1.585407 
1.181250, 49.651014, 0.000542, 49.651556, -0.507765, -1.585442 
1.182500, 49.651268, 0.000566, 49.651834, -0.507729, -1.585478 
1.183750, 49.651523, 0.000591, 49.652114, -0.507692, -1.585517 
1.185000, 49.651779, 0.000616, 49.652395, -0.507654, -1.585558 
1.186250, 49.652035, 0.000641, 49.652676, -0.507616, -1.585600 
1.187500, 49.652291, 0.000667, 49.652958, -0.507577, -1.585644 
1.188750, 49.652549, 0.000692, 49.653241, -0.507537, -1.585691 
1.190000, 49.652806, 0.000718, 49.653524, -0.507497, -1.585738 
1.191250, 49.653064, 0.000744, 49.653808, -0.507456, -1.585788 
1.192500, 49.653323, 0.000770, 49.654093, -0.507414, -1.585839 
1.193750, 49.653581, 0.000796, 49.654377, -0.507371, -1.585892 
1.195000, 49.653840, 0.000822, 49.654662, -0.507328, -1.585947 
1.196250, 49.654099, 0.000848, 49.654947, -0.507285, -1.586003 
1.197500, 49.654359, 0.000874, 49.655233, -0.507240, -1.586061 
1.198750, 49.654618, 0.000900, 49.655518, -0.507195, -1.586120 
1.200000, 49.654878, 0.000926, 49.655803, -0.507150, -1.586181 
1.201250, 49.655137, 0.000951, 49.656088, -0.507104, -1.586244 
1.202500, 49.655397, 0.000977, 49.656374, -0.507057, -1.586308 
1.203750, 49.655657, 0.001002, 49.656658, -0.507010, -1.586373 
1.205000, 49.655916, 0.001027, 49.656943, -0.506962, -1.586440 
1.206250, 49.656175, 0.001052, 49.657227, -0.506914, -1.586508 
1.207500, 49.656435, 0.001076, 49.657511, -0.506865, -1.586578 
1.208750, 49.656694, 0.001100, 49.657794, -0.506816, -1.586649 
1.210000, 49.656953, 0.001124, 49.658077, -0.506767, -1.586721 
1.211250, 49.657211, 0.001148, 49.658359, -0.506716, -1.586794 
1.212500, 49.657469, 0.001171, 49.658641, -0.506666, -1.586869 
1.213750, 49.657727, 0.001194, 49.658921, -0.506615, -1.586945 
1.215000, 49.657985, 0.001217, 49.659201, -0.506564, -1.587022 
1.216250, 49.658242, 0.001239, 49.659481, -0.506512, -1.587100 
1.217500, 49.658498, 0.001261, 49.659759, -0.506460, -1.587180 
1.218750, 49.658754, 0.001282, 49.660036, -0.506407, -1.587260 
1.220000, 49.659010, 0.001303, 49.660313, -0.506354, -1.587342 
1.221250, 49.659265, 0.001323, 49.660588, -0.506301, -1.587425 
1.222500, 49.659520, 0.001343, 49.660863, -0.506247, -1.587509 
1.223750, 49.659773, 0.001363, 49.661136, -0.506193, -1.587594 
1.225000, 49.660027, 0.001382, 49.661408, -0.506139, -1.587679 
1.226250, 49.660279, 0.001400, 49.661680, -0.506084, -1.587766 
1.227500, 49.660531, 0.001418, 49.661949, -0.506030, -1.587854 
1.228750, 49.660782, 0.001436, 49.662218, -0.505974, -1.587942 
1.230000, 49.661032, 0.001453, 49.662485, -0.505919, -1.588032 
1.231250, 49.661282, 0.001469, 49.662751, -0.505863, -1.588122 
1.232500, 49.661530, 0.001485, 49.663016, -0.505807, -1.588213 
1.233750, 49.661778, 0.001501, 49.663279, -0.505751, -1.588305 
1.235000, 49.662025, 0.001515, 49.663540, -0.505695, -1.588398 
1.236250, 49.662271, 0.001530, 49.663801, -0.505638, -1.588492 
1.237500, 49.662516, 0.001543, 49.664059, -0.505582, -1.588586 
1.238750, 49.662760, 0.001557, 49.664316, -0.505525, -1.588681 
1.240000, 49.663003, 0.001569, 49.664572, -0.505468, -1.588776 
1.241250, 49.663245, 0.001581, 49.664826, -0.505410, -1.588873 
1.242500, 49.663486, 0.001592, 49.665079, -0.505353, -1.588970 
1.243750, 49.663726, 0.001603, 49.665329, -0.505295, -1.589067 
1.245000, 49.663965, 0.001614, 49.665578, -0.505238, -1.589165 
1.246250, 49.664203, 0.001623, 49.665826, -0.505180, -1.589264 
1.247500, 49.664439, 0.001632, 49.666071, -0.505122, -1.589363 
1.248750, 49.664675, 0.001641, 49.666315, -0.505064, -1.589463 
1.250000, 49.664909, 0.001649, 49.666557, -0.505006, -1.589563 
1.251250, 49.665142, 0.001656, 49.666798, -0.504948, -1.589664 
1.252500, 49.665374, 0.001663, 49.667036, -0.504890, -1.589765 
1.253750, 49.665604, 0.001669, 49.667273, -0.504831, -1.589867 
1.255000, 49.665834, 0.001675, 49.667508, -0.504773, -1.589969 
1.256250, 49.666062, 0.001680, 49.667741, -0.504715, -1.590071 
1.257500, 49.666288, 0.001684, 49.667972, -0.504656, -1.590174 
1.258750, 49.666514, 0.001688, 49.668202, -0.504598, -1.590277 
1.260000, 49.666738, 0.001691, 49.668429, -0.504540, -1.590381 
1.261250, 49.666961, 0.001694, 49.668655, -0.504481, -1.590485 
1.262500, 49.667182, 0.001696, 49.668878, -0.504423, -1.590589 
1.263750, 49.667402, 0.001698, 49.669100, -0.504364, -1.590693 
1.265000, 49.667620, 0.001699, 49.669320, -0.504306, -1.590798 
1.266250, 49.667838, 0.001700, 49.669538, -0.504248, -1.590902 
1.267500, 49.668053, 0.001700, 49.669753, -0.504189, -1.591007 
1.268750, 49.668268, 0.001700, 49.669967, -0.504131, -1.591113 
1.270000, 49.668481, 0.001699, 49.670179, -0.504073, -1.591218 
1.271250, 49.668692, 0.001697, 49.670389, -0.504015, -1.591323 
1.272500, 49.668902, 0.001695, 49.670597, -0.503957, -1.591429 
1.273750, 49.669110, 0.001693, 49.670803, -0.503899, -1.591535 
1.275000, 49.669317, 0.001690, 49.671007, -0.503841, -1.591641 
1.276250, 49.669522, 0.001686, 49.671208, -0.503784, -1.591747 
1.277500, 49.669726, 0.001682, 49.671408, -0.503726, -1.591852 
1.278750, 49.669928, 0.001678, 49.671606, -0.503669, -1.591958 
1.280000, 49.670129, 0.001673, 49.671802, -0.503611, -1.592064 
1.281250, 49.670328, 0.001668, 49.671996, -0.503554, -1.592170 
1.282500, 49.670526, 0.001662, 49.672188, -0.503497, -1.592276 
1.283750, 49.670722, 0.001656, 49.672377, -0.503440, -1.592382 
1.285000, 49.670916, 0.001649, 49.672565, -0.503383, -1.592488 
1.286250, 49.671109, 0.001642, 49.672751, -0.503327, -1.592594 
1.287500, 49.671300, 0.001634, 49.672935, -0.503270, -1.592700 
1.288750, 49.671490, 0.001627, 49.673116, -0.503214, -1.592805 
1.290000, 49.671678, 0.001618, 49.673296, -0.503158, -1.592911 
1.291250, 49.671864, 0.001610, 49.673473, -0.503102, -1.593016 
1.292500, 49.672048, 0.001601, 49.673649, -0.503046, -1.593122 
1.293750, 49.672231, 0.001591, 49.673823, -0.502991, -1.593227 
1.295000, 49.672413, 0.001582, 49.673994, -0.502936, -1.593332 
1.296250, 49.672592, 0.001571, 49.674164, -0.502881, -1.593436 
1.297500, 49.672770, 0.001561, 49.674331, -0.502826, -1.593541 
1.298750, 49.672947, 0.001550, 49.674497, -0.502771, -1.593645 
1.300000, 49.673121, 0.001539, 49.674661, -0.502717, -1.593749 
1.301250, 49.673294, 0.001528, 49.674822, -0.502663, -1.593853 
1.302500, 49.673466, 0.001516, 49.674982, -0.502609, -1.593956 
1.303750, 49.673635, 0.001504, 49.675140, -0.502555, -1.594060 
1.305000, 49.673803, 0.001492, 49.675295, -0.502502, -1.594162 
1.306250, 49.673969, 0.001480, 49.675449, -0.502449, -1.594265 
1.307500, 49.674134, 0.001467, 49.675601, -0.502396, -1.594367 
1.308750, 49.674297, 0.001454, 49.675750, -0.502343, -1.594469 
1.310000, 49.674458, 0.001440, 49.675898, -0.502291, -1.594571 
1.311250, 49.674617, 0.001427, 49.676044, -0.502239, -1.594672 
1.312500, 49.674775, 0.001413, 49.676188, -0.502187, -1.594773 
1.313750, 49.674931, 0.001399, 49.676330, -0.502136, -1.594874 
1.315000, 49.675085, 0.001385, 49.676471, -0.502085, -1.594974 
1.316250, 49.675238, 0.001371, 49.676609, -0.502034, -1.595074 
1.317500, 49.675389, 0.001357, 49.676745, -0.501983, -1.595173 
1.318750, 49.675538, 0.001342, 49.676880, -0.501933, -1.595272 
1.320000, 49.675685, 0.001327, 49.677012, -0.501883, -1.595370 
1.321250, 49.675831, 0.001312, 49.677143, -0.501834, -1.595468 
1.322500, 49.675975, 0.001297, 49.677272, -0.501784, -1.595566 
1.323750, 49.676117, 0.001282, 49.677399, -0.501735, -1.595663 
1.325000, 49.676258, 0.001266, 49.677524, -0.501687, -1.595760 
1.326250, 49.676397, 0.001251, 49.677648, -0.501639, -1.595856 
1.327500, 49.676534, 0.001235, 49.677769, -0.501591, -1.595952 
1.328750, 49.676669, 0.001220, 49.677889, -0.501543, -1.596047 
1.330000, 49.676803, 0.001204, 49.678007, -0.501496, -1.596141 
1.331250, 49.676935, 0.001188, 49.678123, -0.501449, -1.596235 
1.332500, 49.677066, 0.001172, 49.678237, -0.501402, -1.596329 
1.333750, 49.677194, 0.001156, 49.678350, -0.501356, -1.596422 
1.335000, 49.677321, 0.001140, 49.678461, -0.501310, -1.596514 
1.336250, 49.677446, 0.001124, 49.678570, -0.501265, -1.596606 
1.337500, 49.677570, 0.001108, 49.678678, -0.501219, -1.596698 
1.338750, 49.677692, 0.001091, 49.678783, -0.501175, -1.596788 
1.340000, 49.677812, 0.001075, 49.678887, -0.501130, -1.596879 
1.341250, 49.677931, 0.001059, 49.678990, -0.501086, -1.596968 
1.342500, 49.678048, 0.001043, 49.679090, -0.501042, -1.597057 
1.343750, 49.678163, 0.001026, 49.679189, -0.500999, -1.597145 
1.345000, 49.678277, 0.001010, 49.679287, -0.500956, -1.597233 
1.346250, 49.678389, 0.000994, 49.679382, -0.500914, -1.597320 
1.347500, 49.678499, 0.000978, 49.679476, -0.500871, -1.597407 
1.348750, 49.678607, 0.000961, 49.679569, -0.500830, -1.597493 
1.350000, 49.678714, 0.000945, 49.679660, -0.500788, -1.597578 
1.351250, 49.678820, 0.000929, 49.679749, -0.500747, -1.597663 
1.352500, 49.678923, 0.000913, 49.679836, -0.500706, -1.597747 
1.353750, 49.679026, 0.000897, 49.679923, -0.500666, -1.597830 
1.355000, 49.679126, 0.000881, 49.680007, -0.500626, -1.597912 
1.356250, 49.679225, 0.000865, 49.680090, -0.500587, -1.597994 
1.357500, 49.679322, 0.000849, 49.680171, -0.500548, -1.598076 
1.358750, 49.679418, 0.000833, 49.680251, -0.500509, -1.598156 
1.360000, 49.679512, 0.000818, 49.680330, -0.500471, -1.598236 
1.361250, 49.679604, 0.000802, 49.680407, -0.500433, -1.598316 
1.362500, 49.679695, 0.000786, 49.680482, -0.500395, -1.598394 
1.363750, 49.679785, 0.000771, 49.680556, -0.500358, -1.598472 
1.365000, 49.679873, 0.000756, 49.680628, -0.500321, -1.598549 
1.366250, 49.679959, 0.000740, 49.680699, -0.500285, -1.598626 
1.367500, 49.680044, 0.000725, 49.680769, -0.500249, -1.598701 
1.368750, 49.680127, 0.000710, 49.680837, -0.500214, -1.598776 
1.370000, 49.680208, 0.000695, 49.680904, -0.500179, -1.598851 
1.371250, 49.680288, 0.000681, 49.680969, -0.500144, -1.598924 
1.372500, 49.680367, 0.000666, 49.681033, -0.500110, -1.598997 
1.373750, 49.680444, 0.000651, 49.681095, -0.500076, -1.599069 
1.375000, 49.680520, 0.000637, 49.681157, -0.500042, -1.599141 
1.376250, 49.680594, 0.000623, 49.681216, -0.500009, -1.599211 
1.377500, 49.680666, 0.000609, 49.681275, -0.499976, -1.599281 
1.378750, 49.680737, 0.000595, 49.681332, -0.499944, -1.599351 
1.380000, 49.680807, 0.000581, 49.681388, -0.499912, -1.599419 
1.381250, 49.680875, 0.000567, 49.681442, -0.499881, -1.599487 
1.382500, 49.680942, 0.000554, 49.681496, -0.499850, -1.599554 
1.383750, 49.681007, 0.000540, 49.681548, -0.499819, -1.599620 
1.385000, 49.681071, 0.000527, 49.681598, -0.499789, -1.599686 
